"TMZDIFF","WRITETIME","Node","Timestamp","Instance_ID","Physical_Reads","Database_Block_Gets","Consistent_Gets","Buffer_Cache_Hit_Ratio","Instance_Name","Server_Name","Database_Name"
"-28800","1130923000059008","RZ:frontdb2-frontdb2-zhqzdb:RDB","1130922234657000","2","532534721","1193394337","1239805554","78.11","","",""
"-28800","1130923000059009","RZ:frontdb2-frontdb2-zhqzdb:RDB","1130922234657000","1","532646260","1199290128","1211010763","77.90","","",""
"-28800","1130923001559008","RZ:frontdb2-frontdb2-zhqzdb:RDB","1130923000157000","1","532650344","1199654861","1211559454","77.91","","",""
"-28800","1130923001559009","RZ:frontdb2-frontdb2-zhqzdb:RDB","1130923000157000","2","532539109","1193789268","1240333233","78.12","","",""
"-28800","1130923003059008","RZ:frontdb2-frontdb2-zhqzdb:RDB","1130923001657000","2","532542654","1194030645","1240799535","78.13","","",""
"-28800","1130923003059009","RZ:frontdb2-frontdb2-zhqzdb:RDB","1130923001657000","1","532653589","1199869659","1212042307","77.92","","",""
"-28800","1130923004559008","RZ:frontdb2-frontdb2-zhqzdb:RDB","1130923003156000","2","532546048","1194223576","1241260127","78.13","","",""
"-28800","1130923004559009","RZ:frontdb2-frontdb2-zhqzdb:RDB","1130923003156000","1","532659664","1200716034","1212578855","77.93","","",""
"-28800","1130923010059007","RZ:frontdb2-frontdb2-zhqzdb:RDB","1130923004656000","1","532662986","1200888846","1213027913","77.93","","",""
"-28800","1130923010059008","RZ:frontdb2-frontdb2-zhqzdb:RDB","1130923004656000","2","532549492","1194407860","1241709508","78.14","","",""
